client_send_time,sniff_time,export_time,latency_client_sniff,cpu_percent,memory_percent
2022-09-14 17:27:29.162631,2022-09-14 17:27:29.162438,2022-09-14 17:27:29.979023,0:00:00.772512,1.5,12.2
2022-09-14 17:27:29.164598,2022-09-14 17:27:29.164244,2022-09-14 17:27:30.012992,0:00:00.848336,20.0,12.2
2022-09-14 17:27:29.166392,2022-09-14 17:27:29.165959,2022-09-14 17:27:30.046030,0:00:00.879582,20.0,12.2
2022-09-14 17:27:29.167974,2022-09-14 17:27:29.167547,2022-09-14 17:27:30.082190,0:00:00.914159,14.3,12.2
2022-09-14 17:27:29.169433,2022-09-14 17:27:29.169280,2022-09-14 17:27:30.114689,0:00:00.945201,23.8,12.2
2022-09-14 17:27:29.171346,2022-09-14 17:27:29.170882,2022-09-14 17:27:30.150069,0:00:00.978667,15.0,12.2
2022-09-14 17:27:29.172729,2022-09-14 17:27:29.172377,2022-09-14 17:27:30.179667,0:00:01.006881,17.6,12.2
2022-09-14 17:27:29.174206,2022-09-14 17:27:29.173788,2022-09-14 17:27:30.219420,0:00:01.045159,20.8,12.2
2022-09-14 17:27:29.175440,2022-09-14 17:27:29.175169,2022-09-14 17:27:30.252243,0:00:01.076747,20.0,12.2
2022-09-14 17:27:29.176931,2022-09-14 17:27:29.186810,2022-09-14 17:27:30.279606,0:00:01.102617,12.5,12.2
2022-09-14 17:27:30.176475,2022-09-14 17:27:30.176095,2022-09-14 17:27:30.944735,0:00:00.768192,1.8,12.2
2022-09-14 17:27:30.169518,2022-09-14 17:27:30.176096,2022-09-14 17:27:30.950243,0:00:00.780665,33.3,12.2
2022-09-14 17:27:30.182538,2022-09-14 17:27:30.181957,2022-09-14 17:27:30.968449,0:00:00.785856,18.2,12.2
2022-09-14 17:27:30.182838,2022-09-14 17:27:30.182301,2022-09-14 17:27:30.983688,0:00:00.800795,11.1,12.2
2022-09-14 17:27:30.188382,2022-09-14 17:27:30.187801,2022-09-14 17:27:30.996831,0:00:00.808395,25.0,12.2
2022-09-14 17:27:30.169269,2022-09-14 17:27:30.187950,2022-09-14 17:27:31.011763,0:00:00.842439,22.2,12.2
2022-09-14 17:27:30.169772,2022-09-14 17:27:30.188019,2022-09-14 17:27:31.025161,0:00:00.855336,12.5,12.2
2022-09-14 17:27:30.188210,2022-09-14 17:27:30.193287,2022-09-14 17:27:31.046954,0:00:00.858690,16.7,12.2
2022-09-14 17:27:30.176199,2022-09-14 17:27:30.193376,2022-09-14 17:27:31.052635,0:00:00.876381,25.0,12.2
2022-09-14 17:27:30.199671,2022-09-14 17:27:30.199958,2022-09-14 17:27:31.070758,0:00:00.871019,18.2,12.2
2022-09-14 17:27:31.176088,2022-09-14 17:27:31.175738,2022-09-14 17:27:31.487849,0:00:00.311697,2.4,12.2
2022-09-14 17:27:31.175890,2022-09-14 17:27:31.182023,2022-09-14 17:27:31.501058,0:00:00.325106,25.0,12.2
2022-09-14 17:27:31.182319,2022-09-14 17:27:31.187342,2022-09-14 17:27:31.514134,0:00:00.331739,14.3,12.2
2022-09-14 17:27:31.182116,2022-09-14 17:27:31.198090,2022-09-14 17:27:31.968576,0:00:00.786389,1.5,12.2
2022-09-14 17:27:31.193258,2022-09-14 17:27:31.198407,2022-09-14 17:27:31.987809,0:00:00.794489,25.0,12.2
2022-09-14 17:27:31.198701,2022-09-14 17:27:31.198445,2022-09-14 17:27:31.993209,0:00:00.794456,0.0,12.2
2022-09-14 17:27:31.205333,2022-09-14 17:27:31.204914,2022-09-14 17:27:32.009265,0:00:00.803880,20.0,12.2
2022-09-14 17:27:31.205675,2022-09-14 17:27:31.205155,2022-09-14 17:27:32.019993,0:00:00.814266,16.7,12.2
2022-09-14 17:27:31.205140,2022-09-14 17:27:31.205235,2022-09-14 17:27:32.033288,0:00:00.828096,14.3,12.2
2022-09-14 17:27:31.204994,2022-09-14 17:27:31.205334,2022-09-14 17:27:32.045722,0:00:00.840677,25.0,12.2
2022-09-14 17:27:32.182411,2022-09-14 17:27:32.182228,2022-09-14 17:27:32.531776,0:00:00.349297,3.4,12.2
2022-09-14 17:27:32.188101,2022-09-14 17:27:32.187726,2022-09-14 17:27:32.545730,0:00:00.357568,12.5,12.2
2022-09-14 17:27:32.182588,2022-09-14 17:27:32.203125,2022-09-14 17:27:32.558291,0:00:00.375650,14.3,12.2
2022-09-14 17:27:32.203937,2022-09-14 17:27:32.203474,2022-09-14 17:27:32.570819,0:00:00.366831,25.0,12.2
2022-09-14 17:27:32.204492,2022-09-14 17:27:32.209822,2022-09-14 17:27:32.581476,0:00:00.376929,16.7,12.2
2022-09-14 17:27:32.204676,2022-09-14 17:27:32.230417,2022-09-14 17:27:32.996315,0:00:00.791569,1.2,12.2
2022-09-14 17:27:32.215578,2022-09-14 17:27:32.230618,2022-09-14 17:27:33.002210,0:00:00.786570,25.0,12.2
2022-09-14 17:27:32.209961,2022-09-14 17:27:32.236288,2022-09-14 17:27:33.016403,0:00:00.806386,22.2,12.2
2022-09-14 17:27:32.210202,2022-09-14 17:27:32.241568,2022-09-14 17:27:33.027301,0:00:00.817045,16.7,12.2
2022-09-14 17:27:32.252416,2022-09-14 17:27:32.267597,2022-09-14 17:27:33.038083,0:00:00.785615,16.7,12.2
2022-09-14 17:27:33.194408,2022-09-14 17:27:33.196425,2022-09-14 17:27:33.534014,0:00:00.339539,3.0,12.2
2022-09-14 17:27:33.189118,2022-09-14 17:27:33.199180,2022-09-14 17:27:33.545916,0:00:00.356731,14.3,12.2
2022-09-14 17:27:33.188933,2022-09-14 17:27:33.209910,2022-09-14 17:27:33.557351,0:00:00.368361,28.6,12.2
2022-09-14 17:27:33.210371,2022-09-14 17:27:33.215307,2022-09-14 17:27:33.568202,0:00:00.357778,16.7,12.2
2022-09-14 17:27:33.215933,2022-09-14 17:27:33.241222,2022-09-14 17:27:34.012194,0:00:00.796193,0.4,12.2
2022-09-14 17:27:33.215766,2022-09-14 17:27:33.246568,2022-09-14 17:27:34.028196,0:00:00.812368,20.0,12.2
2022-09-14 17:27:33.247242,2022-09-14 17:27:33.246647,2022-09-14 17:27:34.033590,0:00:00.786295,25.0,12.2
2022-09-14 17:27:33.241859,2022-09-14 17:27:33.257262,2022-09-14 17:27:34.049622,0:00:00.807710,12.5,12.2
2022-09-14 17:27:33.221319,2022-09-14 17:27:33.257319,2022-09-14 17:27:34.056041,0:00:00.834666,40.0,12.2
2022-09-14 17:27:33.274093,2022-09-14 17:27:33.283799,2022-09-14 17:27:34.069094,0:00:00.794945,12.5,12.2
2022-09-14 17:27:34.200984,2022-09-14 17:27:34.205738,2022-09-14 17:27:34.547830,0:00:00.346778,2.1,12.2
2022-09-14 17:27:34.200730,2022-09-14 17:27:34.205738,2022-09-14 17:27:34.553450,0:00:00.352661,33.3,12.2
2022-09-14 17:27:34.222103,2022-09-14 17:27:34.222027,2022-09-14 17:27:34.567329,0:00:00.345172,22.2,12.2
2022-09-14 17:27:34.222529,2022-09-14 17:27:34.222582,2022-09-14 17:27:34.577846,0:00:00.355262,16.7,12.2
2022-09-14 17:27:34.222274,2022-09-14 17:27:34.222696,2022-09-14 17:27:34.586557,0:00:00.364227,20.0,12.2
2022-09-14 17:27:34.222784,2022-09-14 17:27:34.222867,2022-09-14 17:27:34.596204,0:00:00.373367,16.7,12.2
2022-09-14 17:27:34.223038,2022-09-14 17:27:34.223432,2022-09-14 17:27:34.610932,0:00:00.387842,22.2,12.2
2022-09-14 17:27:34.244819,2022-09-14 17:27:34.244494,2022-09-14 17:27:34.621650,0:00:00.376778,0.0,12.2
2022-09-14 17:27:34.250781,2022-09-14 17:27:34.250550,2022-09-14 17:27:34.632181,0:00:00.381349,37.5,12.2
2022-09-14 17:27:34.285496,2022-09-14 17:27:34.305344,2022-09-14 17:27:35.037407,0:00:00.751843,1.6,12.2
2022-09-14 17:27:35.212405,2022-09-14 17:27:35.217063,2022-09-14 17:27:35.563276,0:00:00.350807,1.9,12.2
2022-09-14 17:27:35.222987,2022-09-14 17:27:35.222633,2022-09-14 17:27:35.573880,0:00:00.350826,16.7,12.2
2022-09-14 17:27:35.217711,2022-09-14 17:27:35.228129,2022-09-14 17:27:35.584419,0:00:00.366653,28.6,12.2
2022-09-14 17:27:35.228982,2022-09-14 17:27:35.234438,2022-09-14 17:27:35.600209,0:00:00.371173,11.1,12.2
2022-09-14 17:27:35.229559,2022-09-14 17:27:35.234560,2022-09-14 17:27:35.605433,0:00:00.375822,33.3,12.2
2022-09-14 17:27:35.229390,2022-09-14 17:27:35.239940,2022-09-14 17:27:35.622220,0:00:00.392778,20.0,12.2
2022-09-14 17:27:35.229202,2022-09-14 17:27:35.240041,2022-09-14 17:27:35.627490,0:00:00.398236,25.0,12.2
2022-09-14 17:27:35.251562,2022-09-14 17:27:35.266840,2022-09-14 17:27:35.640521,0:00:00.388908,14.3,12.2
2022-09-14 17:27:35.251728,2022-09-14 17:27:35.277162,2022-09-14 17:27:35.650964,0:00:00.399184,16.7,12.2
2022-09-14 17:27:35.303754,2022-09-14 17:27:35.313509,2022-09-14 17:27:36.061951,0:00:00.758131,0.8,12.2
2022-09-14 17:27:36.229479,2022-09-14 17:27:36.229149,2022-09-14 17:27:36.576266,0:00:00.346718,1.3,12.2
2022-09-14 17:27:36.229910,2022-09-14 17:27:36.235822,2022-09-14 17:27:36.592831,0:00:00.362856,27.3,12.2
2022-09-14 17:27:36.235517,2022-09-14 17:27:36.235822,2022-09-14 17:27:36.601592,0:00:00.366014,20.0,12.2
2022-09-14 17:27:36.236028,2022-09-14 17:27:36.235945,2022-09-14 17:27:36.607156,0:00:00.371058,25.0,12.2
2022-09-14 17:27:36.236188,2022-09-14 17:27:36.236049,2022-09-14 17:27:36.623035,0:00:00.386789,20.0,12.2
2022-09-14 17:27:36.235684,2022-09-14 17:27:36.236078,2022-09-14 17:27:36.628678,0:00:00.392934,0.0,12.2
2022-09-14 17:27:36.252652,2022-09-14 17:27:36.257867,2022-09-14 17:27:36.646247,0:00:00.393506,18.2,12.2
2022-09-14 17:27:36.258198,2022-09-14 17:27:36.263652,2022-09-14 17:27:36.657471,0:00:00.399207,28.6,12.2
2022-09-14 17:27:36.273623,2022-09-14 17:27:36.278934,2022-09-14 17:27:36.668819,0:00:00.395108,28.6,12.2
2022-09-14 17:27:36.320275,2022-09-14 17:27:36.330009,2022-09-14 17:27:37.085247,0:00:00.764903,0.8,12.2
2022-09-14 17:27:37.241968,2022-09-14 17:27:37.241534,2022-09-14 17:27:37.605619,0:00:00.363582,1.9,12.2
2022-09-14 17:27:37.241622,2022-09-14 17:27:37.241593,2022-09-14 17:27:37.611081,0:00:00.369398,50.0,12.2
2022-09-14 17:27:37.236262,2022-09-14 17:27:37.241897,2022-09-14 17:27:37.624519,0:00:00.388203,12.5,12.2
2022-09-14 17:27:37.265403,2022-09-14 17:27:37.265010,2022-09-14 17:27:37.639783,0:00:00.374327,12.5,12.2
2022-09-14 17:27:37.242410,2022-09-14 17:27:37.265027,2022-09-14 17:27:37.645177,0:00:00.402714,25.0,12.2
2022-09-14 17:27:37.265075,2022-09-14 17:27:37.270303,2022-09-14 17:27:37.657748,0:00:00.392622,14.3,12.2
2022-09-14 17:27:37.241803,2022-09-14 17:27:37.270422,2022-09-14 17:27:37.666399,0:00:00.424544,20.0,12.2
2022-09-14 17:27:37.265250,2022-09-14 17:27:37.270549,2022-09-14 17:27:37.678694,0:00:00.413392,33.3,12.2
2022-09-14 17:27:37.285614,2022-09-14 17:27:37.295430,2022-09-14 17:27:37.689194,0:00:00.403529,16.7,12.2
2022-09-14 17:27:37.331682,2022-09-14 17:27:37.346418,2022-09-14 17:27:38.109261,0:00:00.777512,0.4,12.2
2022-09-14 17:27:38.247733,2022-09-14 17:27:38.247979,2022-09-14 17:27:38.633606,0:00:00.385805,2.2,12.2
2022-09-14 17:27:38.248282,2022-09-14 17:27:38.258118,2022-09-14 17:27:38.644277,0:00:00.395933,16.7,12.2
2022-09-14 17:27:38.247904,2022-09-14 17:27:38.258627,2022-09-14 17:27:38.654865,0:00:00.406891,14.3,12.2
2022-09-14 17:27:38.248115,2022-09-14 17:27:38.263919,2022-09-14 17:27:38.670196,0:00:00.422023,22.2,12.2
2022-09-14 17:27:38.248657,2022-09-14 17:27:38.264068,2022-09-14 17:27:38.675559,0:00:00.426847,33.3,12.2
2022-09-14 17:27:38.270261,2022-09-14 17:27:38.269862,2022-09-14 17:27:38.689279,0:00:00.418964,12.5,12.2
2022-09-14 17:27:38.296127,2022-09-14 17:27:38.311114,2022-09-14 17:27:38.699828,0:00:00.403646,28.6,12.2
2022-09-14 17:27:38.306320,2022-09-14 17:27:38.316242,2022-09-14 17:27:38.710237,0:00:00.403864,0.0,12.2
2022-09-14 17:27:38.317158,2022-09-14 17:27:38.332454,2022-09-14 17:27:38.720686,0:00:00.403474,37.5,12.2
2022-09-14 17:27:38.338322,2022-09-14 17:27:38.348307,2022-09-14 17:27:38.731154,0:00:00.392780,16.7,12.2
2022-09-14 17:27:39.255217,2022-09-14 17:27:39.254764,2022-09-14 17:27:39.646659,0:00:00.391373,0.7,12.2
2022-09-14 17:27:39.255024,2022-09-14 17:27:39.259936,2022-09-14 17:27:39.660732,0:00:00.405646,22.2,12.2
2022-09-14 17:27:39.254617,2022-09-14 17:27:39.260020,2022-09-14 17:27:39.667974,0:00:00.413300,25.0,12.2
2022-09-14 17:27:39.254825,2022-09-14 17:27:39.260194,2022-09-14 17:27:39.678179,0:00:00.423297,16.7,12.2
2022-09-14 17:27:39.260800,2022-09-14 17:27:39.260321,2022-09-14 17:27:39.692043,0:00:00.431187,22.2,12.2
2022-09-14 17:27:39.302406,2022-09-14 17:27:39.306952,2022-09-14 17:27:39.705886,0:00:00.403418,12.5,12.2
2022-09-14 17:27:39.307745,2022-09-14 17:27:39.312394,2022-09-14 17:27:39.716878,0:00:00.409072,28.6,12.2
2022-09-14 17:27:39.313105,2022-09-14 17:27:39.322667,2022-09-14 17:27:39.727913,0:00:00.414747,16.7,12.2
2022-09-14 17:27:39.333865,2022-09-14 17:27:39.333575,2022-09-14 17:27:39.738493,0:00:00.404560,16.7,12.2
2022-09-14 17:27:39.365392,2022-09-14 17:27:39.369872,2022-09-14 17:27:39.749092,0:00:00.383647,16.7,12.2
2022-09-14 17:27:40.261407,2022-09-14 17:27:40.266631,2022-09-14 17:27:40.666810,0:00:00.405334,0.9,12.2
2022-09-14 17:27:40.272540,2022-09-14 17:27:40.282133,2022-09-14 17:27:40.681796,0:00:00.409195,22.2,12.2
2022-09-14 17:27:40.261660,2022-09-14 17:27:40.282133,2022-09-14 17:27:40.688215,0:00:00.426495,25.0,12.2
2022-09-14 17:27:40.267064,2022-09-14 17:27:40.287732,2022-09-14 17:27:40.701614,0:00:00.434496,12.5,12.2
2022-09-14 17:27:40.288161,2022-09-14 17:27:40.308149,2022-09-14 17:27:40.712757,0:00:00.424543,28.6,12.2
2022-09-14 17:27:40.314580,2022-09-14 17:27:40.319130,2022-09-14 17:27:40.724498,0:00:00.409865,25.0,12.2
2022-09-14 17:27:40.314414,2022-09-14 17:27:40.329387,2022-09-14 17:27:40.735663,0:00:00.421197,28.6,12.2
2022-09-14 17:27:40.330172,2022-09-14 17:27:40.329704,2022-09-14 17:27:40.746899,0:00:00.416666,14.3,12.2
2022-09-14 17:27:40.335679,2022-09-14 17:27:40.366286,2022-09-14 17:27:40.761073,0:00:00.425342,14.3,12.2
2022-09-14 17:27:40.366842,2022-09-14 17:27:40.366287,2022-09-14 17:27:40.766822,0:00:00.399929,25.0,12.2
2022-09-14 17:27:41.273210,2022-09-14 17:27:41.272901,2022-09-14 17:27:41.701878,0:00:00.428592,1.2,12.2
2022-09-14 17:27:41.273433,2022-09-14 17:27:41.272961,2022-09-14 17:27:41.708158,0:00:00.434661,0.0,12.2
2022-09-14 17:27:41.273783,2022-09-14 17:27:41.289231,2022-09-14 17:27:41.721250,0:00:00.447414,14.3,12.2
2022-09-14 17:27:41.289610,2022-09-14 17:27:41.289356,2022-09-14 17:27:41.730304,0:00:00.440641,20.0,12.2
2022-09-14 17:27:41.300505,2022-09-14 17:27:41.315284,2022-09-14 17:27:41.743361,0:00:00.442803,25.0,12.2
2022-09-14 17:27:41.316091,2022-09-14 17:27:41.326303,2022-09-14 17:27:41.754197,0:00:00.438054,0.0,12.2
2022-09-14 17:27:41.321704,2022-09-14 17:27:41.331478,2022-09-14 17:27:41.765167,0:00:00.443411,28.6,12.2
2022-09-14 17:27:41.347715,2022-09-14 17:27:41.352619,2022-09-14 17:27:41.776199,0:00:00.428432,16.7,12.2
2022-09-14 17:27:41.374257,2022-09-14 17:27:41.373842,2022-09-14 17:27:41.786965,0:00:00.412655,25.0,12.2
2022-09-14 17:27:41.353080,2022-09-14 17:27:41.378987,2022-09-14 17:27:41.797811,0:00:00.444679,0.0,12.2
2022-09-14 17:27:42.279552,2022-09-14 17:27:42.284510,2022-09-14 17:27:42.714987,0:00:00.435361,1.3,12.2
2022-09-14 17:27:42.285073,2022-09-14 17:27:42.290047,2022-09-14 17:27:42.726845,0:00:00.441708,28.6,12.2
2022-09-14 17:27:42.279743,2022-09-14 17:27:42.290370,2022-09-14 17:27:42.738383,0:00:00.458584,0.0,12.2
2022-09-14 17:27:42.290853,2022-09-14 17:27:42.295566,2022-09-14 17:27:42.749680,0:00:00.458773,28.6,12.2
2022-09-14 17:27:42.316971,2022-09-14 17:27:42.326686,2022-09-14 17:27:42.760702,0:00:00.443677,25.0,12.2
2022-09-14 17:27:42.332558,2022-09-14 17:27:42.332131,2022-09-14 17:27:42.771667,0:00:00.439055,16.7,12.2
2022-09-14 17:27:42.333205,2022-09-14 17:27:42.337935,2022-09-14 17:27:42.782341,0:00:00.449084,16.7,12.2
2022-09-14 17:27:42.348983,2022-09-14 17:27:42.353720,2022-09-14 17:27:42.795348,0:00:00.446312,28.6,12.2
2022-09-14 17:27:42.359563,2022-09-14 17:27:42.364141,2022-09-14 17:27:42.806454,0:00:00.446839,16.7,12.2
2022-09-14 17:27:42.380346,2022-09-14 17:27:42.405334,2022-09-14 17:27:42.817839,0:00:00.437438,25.0,12.2
2022-09-14 17:27:43.285893,2022-09-14 17:27:43.290611,2022-09-14 17:27:43.770747,0:00:00.484766,1.2,12.2
2022-09-14 17:27:43.296414,2022-09-14 17:27:43.295934,2022-09-14 17:27:43.781980,0:00:00.485505,0.0,12.2
2022-09-14 17:27:43.301838,2022-09-14 17:27:43.301614,2022-09-14 17:27:43.792766,0:00:00.490875,37.5,12.2
2022-09-14 17:27:43.302121,2022-09-14 17:27:43.312696,2022-09-14 17:27:43.803729,0:00:00.501556,16.7,12.2
2022-09-14 17:27:43.328420,2022-09-14 17:27:43.338194,2022-09-14 17:27:43.814463,0:00:00.485992,16.7,12.2
2022-09-14 17:27:43.349281,2022-09-14 17:27:43.354617,2022-09-14 17:27:43.825358,0:00:00.476025,14.3,12.2
2022-09-14 17:27:43.354864,2022-09-14 17:27:43.359905,2022-09-14 17:27:43.836044,0:00:00.481129,16.7,12.2
2022-09-14 17:27:43.370953,2022-09-14 17:27:43.370560,2022-09-14 17:27:43.846820,0:00:00.475815,16.7,12.2
2022-09-14 17:27:43.354687,2022-09-14 17:27:43.391041,2022-09-14 17:27:43.857424,0:00:00.502685,16.7,12.2
2022-09-14 17:27:43.417259,2022-09-14 17:27:43.426909,2022-09-14 17:27:43.868694,0:00:00.451382,25.0,12.2
2022-09-14 17:27:44.297444,2022-09-14 17:27:44.302086,2022-09-14 17:27:44.794803,0:00:00.497290,1.1,12.2
2022-09-14 17:27:44.318771,2022-09-14 17:27:44.318389,2022-09-14 17:27:44.806099,0:00:00.487267,0.0,12.2
2022-09-14 17:27:44.308354,2022-09-14 17:27:44.323632,2022-09-14 17:27:44.816947,0:00:00.508538,28.6,12.2
2022-09-14 17:27:44.302842,2022-09-14 17:27:44.334410,2022-09-14 17:27:44.831095,0:00:00.528201,22.2,12.2
2022-09-14 17:27:44.334916,2022-09-14 17:27:44.334450,2022-09-14 17:27:44.836912,0:00:00.501944,25.0,12.2
2022-09-14 17:27:44.361381,2022-09-14 17:27:44.361043,2022-09-14 17:27:44.849861,0:00:00.488421,14.3,12.2
2022-09-14 17:27:44.361542,2022-09-14 17:27:44.386951,2022-09-14 17:27:44.863757,0:00:00.502164,22.2,12.2
2022-09-14 17:27:44.387387,2022-09-14 17:27:44.386951,2022-09-14 17:27:44.869288,0:00:00.481849,33.3,12.2
2022-09-14 17:27:44.361225,2022-09-14 17:27:44.392248,2022-09-14 17:27:44.882034,0:00:00.520758,12.5,12.2
2022-09-14 17:27:44.423509,2022-09-14 17:27:44.433149,2022-09-14 17:27:44.892764,0:00:00.469203,16.7,12.2
2022-09-14 17:27:45.308964,2022-09-14 17:27:45.313573,2022-09-14 17:27:45.821820,0:00:00.512787,0.9,12.2
2022-09-14 17:27:45.324482,2022-09-14 17:27:45.324321,2022-09-14 17:27:45.833758,0:00:00.509209,14.3,12.2
2022-09-14 17:27:45.340970,2022-09-14 17:27:45.345743,2022-09-14 17:27:45.850657,0:00:00.509622,20.0,12.2
2022-09-14 17:27:45.330641,2022-09-14 17:27:45.345743,2022-09-14 17:27:45.856833,0:00:00.526133,40.0,12.2
2022-09-14 17:27:45.324635,2022-09-14 17:27:45.350935,2022-09-14 17:27:45.870424,0:00:00.545729,14.3,12.2
2022-09-14 17:27:45.367462,2022-09-14 17:27:45.367083,2022-09-14 17:27:45.883484,0:00:00.515961,25.0,12.2
2022-09-14 17:27:45.372954,2022-09-14 17:27:45.372643,2022-09-14 17:27:45.895152,0:00:00.522140,14.3,12.2
2022-09-14 17:27:45.373342,2022-09-14 17:27:45.383443,2022-09-14 17:27:45.906327,0:00:00.532931,14.3,12.2
2022-09-14 17:27:45.389688,2022-09-14 17:27:45.394305,2022-09-14 17:27:45.917342,0:00:00.527601,28.6,12.2
2022-09-14 17:27:45.434871,2022-09-14 17:27:45.444512,2022-09-14 17:27:45.928097,0:00:00.493172,16.7,12.2
2022-09-14 17:27:46.320436,2022-09-14 17:27:46.324986,2022-09-14 17:27:46.847062,0:00:00.526537,1.1,12.2
2022-09-14 17:27:46.325892,2022-09-14 17:27:46.335933,2022-09-14 17:27:46.858456,0:00:00.532502,16.7,12.2
2022-09-14 17:27:46.325763,2022-09-14 17:27:46.341232,2022-09-14 17:27:46.871737,0:00:00.545916,22.2,12.2
2022-09-14 17:27:46.336442,2022-09-14 17:27:46.351886,2022-09-14 17:27:46.882985,0:00:00.546486,16.7,12.2
2022-09-14 17:27:46.347054,2022-09-14 17:27:46.357495,2022-09-14 17:27:46.895766,0:00:00.548651,14.3,12.2
2022-09-14 17:27:46.389909,2022-09-14 17:27:46.389550,2022-09-14 17:27:46.907215,0:00:00.517246,14.3,12.2
2022-09-14 17:27:46.373446,2022-09-14 17:27:46.395227,2022-09-14 17:27:46.922137,0:00:00.548636,22.2,12.2
2022-09-14 17:27:46.395705,2022-09-14 17:27:46.395227,2022-09-14 17:27:46.927965,0:00:00.532190,0.0,12.2
2022-09-14 17:27:46.395370,2022-09-14 17:27:46.395365,2022-09-14 17:27:46.937122,0:00:00.541697,20.0,12.2
2022-09-14 17:27:46.445260,2022-09-14 17:27:46.454885,2022-09-14 17:27:46.952399,0:00:00.507086,30.0,12.2
2022-09-14 17:27:47.332088,2022-09-14 17:27:47.337116,2022-09-14 17:27:47.873423,0:00:00.541266,1.3,12.2
2022-09-14 17:27:47.337401,2022-09-14 17:27:47.337116,2022-09-14 17:27:47.879230,0:00:00.541763,40.0,12.2
2022-09-14 17:27:47.337551,2022-09-14 17:27:47.353098,2022-09-14 17:27:47.892410,0:00:00.554802,14.3,12.2
2022-09-14 17:27:47.353910,2022-09-14 17:27:47.358568,2022-09-14 17:27:47.904825,0:00:00.550860,14.3,12.2
2022-09-14 17:27:47.379762,2022-09-14 17:27:47.379186,2022-09-14 17:27:47.916155,0:00:00.536340,14.3,12.2
2022-09-14 17:27:47.353400,2022-09-14 17:27:47.384531,2022-09-14 17:27:47.928682,0:00:00.575223,14.3,12.2
2022-09-14 17:27:47.395642,2022-09-14 17:27:47.400653,2022-09-14 17:27:47.939834,0:00:00.544138,28.6,12.2
2022-09-14 17:27:47.400967,2022-09-14 17:27:47.411116,2022-09-14 17:27:47.951238,0:00:00.550205,14.3,12.2
2022-09-14 17:27:47.411519,2022-09-14 17:27:47.416358,2022-09-14 17:27:47.962590,0:00:00.550997,16.7,12.2
2022-09-14 17:27:47.461768,2022-09-14 17:27:47.466321,2022-09-14 17:27:47.975320,0:00:00.513498,14.3,12.2
2022-09-14 17:27:48.338406,2022-09-14 17:27:48.343166,2022-09-14 17:27:48.891118,0:00:00.552642,1.3,12.2
2022-09-14 17:27:48.354300,2022-09-14 17:27:48.353996,2022-09-14 17:27:48.905862,0:00:00.551491,11.1,12.2
2022-09-14 17:27:48.354141,2022-09-14 17:27:48.353996,2022-09-14 17:27:48.911625,0:00:00.557429,50.0,12.2
2022-09-14 17:27:48.360073,2022-09-14 17:27:48.359691,2022-09-14 17:27:48.925103,0:00:00.564969,22.2,12.2
2022-09-14 17:27:48.360544,2022-09-14 17:27:48.365236,2022-09-14 17:27:48.936127,0:00:00.575530,28.6,12.2
2022-09-14 17:27:48.391986,2022-09-14 17:27:48.396530,2022-09-14 17:27:48.947816,0:00:00.555777,16.7,12.2
2022-09-14 17:27:48.402354,2022-09-14 17:27:48.402100,2022-09-14 17:27:48.958994,0:00:00.556587,14.3,12.2
2022-09-14 17:27:48.402526,2022-09-14 17:27:48.412786,2022-09-14 17:27:48.970123,0:00:00.567526,16.7,12.2
2022-09-14 17:27:48.413323,2022-09-14 17:27:48.417909,2022-09-14 17:27:48.981116,0:00:00.567740,25.0,12.2
2022-09-14 17:27:48.478244,2022-09-14 17:27:48.482833,2022-09-14 17:27:48.992316,0:00:00.514019,16.7,12.2
2022-09-14 17:27:49.355076,2022-09-14 17:27:49.359659,2022-09-14 17:27:49.949281,0:00:00.594131,1.6,12.2
2022-09-14 17:27:49.365612,2022-09-14 17:27:49.370239,2022-09-14 17:27:49.964037,0:00:00.598359,30.0,12.2
2022-09-14 17:27:49.349796,2022-09-14 17:27:49.385730,2022-09-14 17:27:49.980966,0:00:00.631102,20.0,12.2
2022-09-14 17:27:49.365457,2022-09-14 17:27:49.385784,2022-09-14 17:27:49.986609,0:00:00.621091,25.0,12.2
2022-09-14 17:27:49.408563,2022-09-14 17:27:49.413566,2022-09-14 17:27:49.999287,0:00:00.590663,14.3,12.2
2022-09-14 17:27:49.408884,2022-09-14 17:27:49.418733,2022-09-14 17:27:50.012744,0:00:00.603802,14.3,12.2
2022-09-14 17:27:49.419536,2022-09-14 17:27:49.424526,2022-09-14 17:27:50.023888,0:00:00.604289,14.3,12.2
2022-09-14 17:27:49.408743,2022-09-14 17:27:49.429655,2022-09-14 17:27:50.038309,0:00:00.629506,22.2,12.2
2022-09-14 17:27:49.391685,2022-09-14 17:27:49.429794,2022-09-14 17:27:50.043823,0:00:00.652084,33.3,12.2
2022-09-14 17:27:49.489186,2022-09-14 17:27:49.498828,2022-09-14 17:27:50.057461,0:00:00.568219,12.5,12.2
2022-09-14 17:27:50.366429,2022-09-14 17:27:50.371318,2022-09-14 17:27:50.977356,0:00:00.610857,1.6,12.2
2022-09-14 17:27:50.366608,2022-09-14 17:27:50.371384,2022-09-14 17:27:50.983189,0:00:00.616519,25.0,12.2
2022-09-14 17:27:50.371887,2022-09-14 17:27:50.376626,2022-09-14 17:27:50.996898,0:00:00.624939,14.3,12.2
2022-09-14 17:27:50.398507,2022-09-14 17:27:50.403009,2022-09-14 17:27:51.009218,0:00:00.610649,14.3,12.2
2022-09-14 17:27:50.415248,2022-09-14 17:27:50.414749,2022-09-14 17:27:51.020277,0:00:00.604969,28.6,12.2
2022-09-14 17:27:50.415057,2022-09-14 17:27:50.414929,2022-09-14 17:27:51.031123,0:00:00.616011,14.3,12.2
2022-09-14 17:27:50.398357,2022-09-14 17:27:50.415105,2022-09-14 17:27:51.040388,0:00:00.641969,20.0,12.2
2022-09-14 17:27:50.415508,2022-09-14 17:27:50.415146,2022-09-14 17:27:51.053606,0:00:00.638045,14.3,12.2
2022-09-14 17:27:50.421296,2022-09-14 17:27:50.420787,2022-09-14 17:27:51.067186,0:00:00.645836,22.2,12.2
2022-09-14 17:27:50.500133,2022-09-14 17:27:50.504643,2022-09-14 17:27:51.078527,0:00:00.578336,16.7,12.2
2022-09-14 17:27:51.372733,2022-09-14 17:27:51.377471,2022-09-14 17:27:51.997248,0:00:00.624446,0.9,12.2
2022-09-14 17:27:51.398959,2022-09-14 17:27:51.398616,2022-09-14 17:27:52.009316,0:00:00.610294,25.0,12.2
2022-09-14 17:27:51.388740,2022-09-14 17:27:51.403668,2022-09-14 17:27:52.020214,0:00:00.631416,16.7,12.2
2022-09-14 17:27:51.420633,2022-09-14 17:27:51.420199,2022-09-14 17:27:52.032944,0:00:00.612255,25.0,12.2
2022-09-14 17:27:51.427463,2022-09-14 17:27:51.426984,2022-09-14 17:27:52.044101,0:00:00.616585,28.6,12.2
2022-09-14 17:27:51.410067,2022-09-14 17:27:51.427215,2022-09-14 17:27:52.054373,0:00:00.644253,0.0,12.2
2022-09-14 17:27:51.433152,2022-09-14 17:27:51.437882,2022-09-14 17:27:52.071324,0:00:00.638107,18.2,12.2
2022-09-14 17:27:51.427691,2022-09-14 17:27:51.438118,2022-09-14 17:27:52.076949,0:00:00.649204,33.3,12.2
2022-09-14 17:27:51.439175,2022-09-14 17:27:51.438584,2022-09-14 17:27:52.090134,0:00:00.650905,14.3,12.2
2022-09-14 17:27:51.516622,2022-09-14 17:27:51.521228,2022-09-14 17:27:52.101085,0:00:00.584411,25.0,12.2
2022-09-14 17:27:52.384190,2022-09-14 17:27:52.393944,2022-09-14 17:27:53.021797,0:00:00.637539,1.1,12.2
2022-09-14 17:27:52.404839,2022-09-14 17:27:52.425046,2022-09-14 17:27:53.037205,0:00:00.632283,27.3,12.2
2022-09-14 17:27:52.410176,2022-09-14 17:27:52.425197,2022-09-14 17:27:53.043273,0:00:00.633020,25.0,12.2
2022-09-14 17:27:52.425759,2022-09-14 17:27:52.425636,2022-09-14 17:27:53.060971,0:00:00.635153,20.0,12.2
2022-09-14 17:27:52.432204,2022-09-14 17:27:52.431667,2022-09-14 17:27:53.072221,0:00:00.639961,14.3,12.2
2022-09-14 17:27:52.437587,2022-09-14 17:27:52.447231,2022-09-14 17:27:53.084843,0:00:00.647201,14.3,12.2
2022-09-14 17:27:52.432034,2022-09-14 17:27:52.447619,2022-09-14 17:27:53.100920,0:00:00.668810,22.2,12.2
2022-09-14 17:27:52.448033,2022-09-14 17:27:52.447619,2022-09-14 17:27:53.108667,0:00:00.660580,20.0,12.2
2022-09-14 17:27:52.426145,2022-09-14 17:27:52.447619,2022-09-14 17:27:53.114404,0:00:00.688206,25.0,12.2
2022-09-14 17:27:52.522896,2022-09-14 17:27:52.532592,2022-09-14 17:27:53.131090,0:00:00.608136,20.0,12.2
2022-09-14 17:27:53.395611,2022-09-14 17:27:53.400382,2022-09-14 17:27:54.043055,0:00:00.647372,1.1,12.2
2022-09-14 17:27:53.432032,2022-09-14 17:27:53.436767,2022-09-14 17:27:54.054515,0:00:00.622418,16.7,12.2
2022-09-14 17:27:53.437583,2022-09-14 17:27:53.437112,2022-09-14 17:27:54.065354,0:00:00.627712,16.7,12.2
2022-09-14 17:27:53.438624,2022-09-14 17:27:53.443282,2022-09-14 17:27:54.079480,0:00:00.640800,36.4,12.2
2022-09-14 17:27:53.438494,2022-09-14 17:27:53.443282,2022-09-14 17:27:54.084794,0:00:00.646245,0.0,12.2
2022-09-14 17:27:53.449145,2022-09-14 17:27:53.453933,2022-09-14 17:27:54.097756,0:00:00.648553,25.0,12.2
2022-09-14 17:27:53.438341,2022-09-14 17:27:53.454252,2022-09-14 17:27:54.108622,0:00:00.670224,25.0,12.2
2022-09-14 17:27:53.455427,2022-09-14 17:27:53.465024,2022-09-14 17:27:54.119754,0:00:00.664271,16.7,12.2
2022-09-14 17:27:53.431834,2022-09-14 17:27:53.470257,2022-09-14 17:27:54.131270,0:00:00.699361,14.3,12.2
2022-09-14 17:27:53.534307,2022-09-14 17:27:53.538862,2022-09-14 17:27:54.142771,0:00:00.608391,16.7,12.2
2022-09-14 17:27:54.407086,2022-09-14 17:27:54.416816,2022-09-14 17:27:55.061533,0:00:00.654365,0.9,12.2
2022-09-14 17:27:54.438313,2022-09-14 17:27:54.443031,2022-09-14 17:27:55.076599,0:00:00.638224,22.2,12.2
2022-09-14 17:27:54.443649,2022-09-14 17:27:54.443162,2022-09-14 17:27:55.082367,0:00:00.638660,0.0,12.2
2022-09-14 17:27:54.449099,2022-09-14 17:27:54.448679,2022-09-14 17:27:55.095754,0:00:00.646599,25.0,12.2
2022-09-14 17:27:54.465715,2022-09-14 17:27:54.465208,2022-09-14 17:27:55.110735,0:00:00.644937,12.5,12.2
2022-09-14 17:27:54.455157,2022-09-14 17:27:54.465209,2022-09-14 17:27:55.117142,0:00:00.661920,25.0,12.2
2022-09-14 17:27:54.465520,2022-09-14 17:27:54.470856,2022-09-14 17:27:55.130923,0:00:00.665342,22.2,12.2
2022-09-14 17:27:54.466023,2022-09-14 17:27:54.475986,2022-09-14 17:27:55.142830,0:00:00.676735,16.7,12.2
2022-09-14 17:27:54.477369,2022-09-14 17:27:54.476776,2022-09-14 17:27:55.154432,0:00:00.676994,12.5,12.2
2022-09-14 17:27:54.540574,2022-09-14 17:27:54.550180,2022-09-14 17:27:55.165901,0:00:00.625245,16.7,12.2
2022-09-14 17:27:55.418485,2022-09-14 17:27:55.428277,2022-09-14 17:27:56.085963,0:00:00.667391,1.3,12.3
2022-09-14 17:27:55.455372,2022-09-14 17:27:55.455337,2022-09-14 17:27:56.097376,0:00:00.641944,28.6,12.3
2022-09-14 17:27:55.455212,2022-09-14 17:27:55.460099,2022-09-14 17:27:56.108816,0:00:00.653547,25.0,12.3
2022-09-14 17:27:55.466563,2022-09-14 17:27:55.466008,2022-09-14 17:27:56.120080,0:00:00.653462,28.6,12.3
2022-09-14 17:27:55.472139,2022-09-14 17:27:55.472090,2022-09-14 17:27:56.134814,0:00:00.662621,22.2,12.3
2022-09-14 17:27:55.466344,2022-09-14 17:27:55.472178,2022-09-14 17:27:56.140515,0:00:00.674117,0.0,12.3
2022-09-14 17:27:55.472446,2022-09-14 17:27:55.472362,2022-09-14 17:27:56.149487,0:00:00.676989,20.0,12.3
2022-09-14 17:27:55.478319,2022-09-14 17:27:55.483422,2022-09-14 17:27:56.164749,0:00:00.686377,20.0,12.3
2022-09-14 17:27:55.466792,2022-09-14 17:27:55.488641,2022-09-14 17:27:56.175856,0:00:00.709003,16.7,12.3
2022-09-14 17:27:55.551249,2022-09-14 17:27:55.561002,2022-09-14 17:27:56.186906,0:00:00.635565,16.7,12.3
2022-09-14 17:27:56.429926,2022-09-14 17:27:56.439648,2022-09-14 17:27:57.113242,0:00:00.683236,1.1,12.3
2022-09-14 17:27:56.467183,2022-09-14 17:27:56.466655,2022-09-14 17:27:57.124566,0:00:00.657319,28.6,12.3
2022-09-14 17:27:56.461680,2022-09-14 17:27:56.466883,2022-09-14 17:27:57.139740,0:00:00.677985,22.2,12.3
2022-09-14 17:27:56.466973,2022-09-14 17:27:56.466902,2022-09-14 17:27:57.146616,0:00:00.679587,0.0,12.3
2022-09-14 17:27:56.473141,2022-09-14 17:27:56.478418,2022-09-14 17:27:57.163522,0:00:00.690325,20.0,12.3
2022-09-14 17:27:56.478731,2022-09-14 17:27:56.478466,2022-09-14 17:27:57.169397,0:00:00.690612,0.0,12.3
2022-09-14 17:27:56.484390,2022-09-14 17:27:56.489041,2022-09-14 17:27:57.182334,0:00:00.697890,22.2,12.3
2022-09-14 17:27:56.489879,2022-09-14 17:27:56.489318,2022-09-14 17:27:57.190754,0:00:00.700810,20.0,12.3
2022-09-14 17:27:56.478423,2022-09-14 17:27:56.489816,2022-09-14 17:27:57.203349,0:00:00.724874,14.3,12.3
2022-09-14 17:27:56.562609,2022-09-14 17:27:56.572332,2022-09-14 17:27:57.214058,0:00:00.651397,16.7,12.3
2022-09-14 17:27:57.441403,2022-09-14 17:27:57.446070,2022-09-14 17:27:58.133345,0:00:00.691870,1.1,12.3
2022-09-14 17:27:57.478964,2022-09-14 17:27:57.478559,2022-09-14 17:27:58.145022,0:00:00.665996,25.0,12.3
2022-09-14 17:27:57.473526,2022-09-14 17:27:57.478989,2022-09-14 17:27:58.156194,0:00:00.682607,16.7,12.3
2022-09-14 17:27:57.479279,2022-09-14 17:27:57.484698,2022-09-14 17:27:58.167483,0:00:00.688149,16.7,12.3
2022-09-14 17:27:57.484994,2022-09-14 17:27:57.495237,2022-09-14 17:27:58.181917,0:00:00.696870,22.2,12.3
2022-09-14 17:27:57.473667,2022-09-14 17:27:57.495305,2022-09-14 17:27:58.188281,0:00:00.714560,40.0,12.3
2022-09-14 17:27:57.479460,2022-09-14 17:27:57.495790,2022-09-14 17:27:58.201279,0:00:00.721767,14.3,12.3
2022-09-14 17:27:57.495779,2022-09-14 17:27:57.496036,2022-09-14 17:27:58.212538,0:00:00.716706,14.3,12.3
2022-09-14 17:27:57.496297,2022-09-14 17:27:57.507053,2022-09-14 17:27:58.223464,0:00:00.727111,28.6,12.3
2022-09-14 17:27:57.573962,2022-09-14 17:27:57.578557,2022-09-14 17:27:58.234563,0:00:00.660547,0.0,12.3
2022-09-14 17:27:58.463053,2022-09-14 17:27:58.472873,2022-09-14 17:27:59.161725,0:00:00.698604,1.8,12.3
2022-09-14 17:27:58.484008,2022-09-14 17:27:58.488738,2022-09-14 17:27:59.176005,0:00:00.691935,30.0,12.3
2022-09-14 17:27:58.489400,2022-09-14 17:27:58.488856,2022-09-14 17:27:59.181420,0:00:00.691964,0.0,12.3
2022-09-14 17:27:58.489627,2022-09-14 17:27:58.489338,2022-09-14 17:27:59.194029,0:00:00.704348,25.0,12.3
2022-09-14 17:27:58.483731,2022-09-14 17:27:58.489644,2022-09-14 17:27:59.204421,0:00:00.720637,16.7,12.3
2022-09-14 17:27:58.502532,2022-09-14 17:27:58.507250,2022-09-14 17:27:59.221507,0:00:00.718922,20.0,12.3
2022-09-14 17:27:58.495579,2022-09-14 17:27:58.507250,2022-09-14 17:27:59.226729,0:00:00.731083,25.0,12.3
2022-09-14 17:27:58.502369,2022-09-14 17:27:58.507390,2022-09-14 17:27:59.231981,0:00:00.729560,0.0,12.3
2022-09-14 17:27:58.519028,2022-09-14 17:27:58.518586,2022-09-14 17:27:59.246330,0:00:00.727250,22.2,12.3
2022-09-14 17:27:58.590516,2022-09-14 17:27:58.595104,2022-09-14 17:27:59.257438,0:00:00.666847,28.6,12.3
2022-09-14 17:27:59.474440,2022-09-14 17:27:59.489247,2022-09-14 17:28:00.213120,0:00:00.738613,1.2,12.3
2022-09-14 17:27:59.495324,2022-09-14 17:27:59.494854,2022-09-14 17:28:00.223731,0:00:00.728348,28.6,12.3
2022-09-14 17:27:59.511810,2022-09-14 17:27:59.511320,2022-09-14 17:28:00.237389,0:00:00.725525,22.2,12.3
2022-09-14 17:27:59.495608,2022-09-14 17:27:59.511320,2022-09-14 17:28:00.242725,0:00:00.747052,50.0,12.3
2022-09-14 17:27:59.517274,2022-09-14 17:27:59.522033,2022-09-14 17:28:00.255261,0:00:00.737935,14.3,12.3
2022-09-14 17:27:59.489976,2022-09-14 17:27:59.522257,2022-09-14 17:28:00.263934,0:00:00.773907,20.0,12.3
2022-09-14 17:27:59.522605,2022-09-14 17:27:59.522345,2022-09-14 17:28:00.272341,0:00:00.749685,20.0,12.3
2022-09-14 17:27:59.496207,2022-09-14 17:27:59.527888,2022-09-14 17:28:00.286890,0:00:00.790624,22.2,12.3
2022-09-14 17:27:59.561442,2022-09-14 17:27:59.571382,2022-09-14 17:28:00.297216,0:00:00.735723,16.7,12.3
2022-09-14 17:27:59.596797,2022-09-14 17:27:59.606552,2022-09-14 17:28:00.307566,0:00:00.710718,16.7,12.3
2022-09-14 17:28:00.490946,2022-09-14 17:28:00.495588,2022-09-14 17:28:01.237430,0:00:00.746416,0.9,12.3
2022-09-14 17:28:00.506676,2022-09-14 17:28:00.506098,2022-09-14 17:28:01.248757,0:00:00.742019,28.6,12.3
2022-09-14 17:28:00.506935,2022-09-14 17:28:00.506380,2022-09-14 17:28:01.257778,0:00:00.750789,20.0,12.3
2022-09-14 17:28:00.507158,2022-09-14 17:28:00.511887,2022-09-14 17:28:01.271074,0:00:00.763864,25.0,12.3
2022-09-14 17:28:00.518254,2022-09-14 17:28:00.518309,2022-09-14 17:28:01.285497,0:00:00.767192,12.5,12.3
2022-09-14 17:28:00.518387,2022-09-14 17:28:00.518326,2022-09-14 17:28:01.291387,0:00:00.772947,40.0,12.3
2022-09-14 17:28:00.524324,2022-09-14 17:28:00.534206,2022-09-14 17:28:01.304555,0:00:00.780179,14.3,12.3
2022-09-14 17:28:00.540593,2022-09-14 17:28:00.550220,2022-09-14 17:28:01.315705,0:00:00.775060,25.0,12.3
2022-09-14 17:28:00.578054,2022-09-14 17:28:00.582654,2022-09-14 17:28:01.326639,0:00:00.748531,0.0,12.3
2022-09-14 17:28:00.608208,2022-09-14 17:28:00.622983,2022-09-14 17:28:01.337720,0:00:00.729461,28.6,12.3
2022-09-14 17:28:01.507592,2022-09-14 17:28:01.512688,2022-09-14 17:28:02.270615,0:00:00.762950,1.4,12.3
2022-09-14 17:28:01.512899,2022-09-14 17:28:01.512764,2022-09-14 17:28:02.276482,0:00:00.763520,25.0,12.3
2022-09-14 17:28:01.513706,2022-09-14 17:28:01.518579,2022-09-14 17:28:02.289657,0:00:00.775875,25.0,12.3
2022-09-14 17:28:01.524679,2022-09-14 17:28:01.524316,2022-09-14 17:28:02.300961,0:00:00.776227,25.0,12.3
2022-09-14 17:28:01.513109,2022-09-14 17:28:01.529666,2022-09-14 17:28:02.312027,0:00:00.798866,16.7,12.3
2022-09-14 17:28:01.530582,2022-09-14 17:28:01.535391,2022-09-14 17:28:02.323223,0:00:00.792588,28.6,12.3
2022-09-14 17:28:01.546456,2022-09-14 17:28:01.546050,2022-09-14 17:28:02.334322,0:00:00.787814,0.0,12.3
2022-09-14 17:28:01.551915,2022-09-14 17:28:01.551764,2022-09-14 17:28:02.345421,0:00:00.793454,28.6,12.3
2022-09-14 17:28:01.605039,2022-09-14 17:28:01.614723,2022-09-14 17:28:02.356733,0:00:00.751637,28.6,12.3
2022-09-14 17:28:01.620584,2022-09-14 17:28:01.620100,2022-09-14 17:28:02.367734,0:00:00.747098,14.3,12.3
2022-09-14 17:28:02.519379,2022-09-14 17:28:02.524488,2022-09-14 17:28:03.297243,0:00:00.777797,1.1,12.3
2022-09-14 17:28:02.524894,2022-09-14 17:28:02.524543,2022-09-14 17:28:03.302817,0:00:00.777859,25.0,12.3
2022-09-14 17:28:02.519223,2022-09-14 17:28:02.524570,2022-09-14 17:28:03.308426,0:00:00.789150,25.0,12.3
2022-09-14 17:28:02.530939,2022-09-14 17:28:02.530678,2022-09-14 17:28:03.326346,0:00:00.795353,11.1,12.3
2022-09-14 17:28:02.531209,2022-09-14 17:28:02.530678,2022-09-14 17:28:03.331651,0:00:00.800389,25.0,12.3
2022-09-14 17:28:02.524684,2022-09-14 17:28:02.551925,2022-09-14 17:28:03.344284,0:00:00.819549,28.6,12.3
2022-09-14 17:28:02.552441,2022-09-14 17:28:02.562932,2022-09-14 17:28:03.354686,0:00:00.802194,28.6,12.3
2022-09-14 17:28:02.584183,2022-09-14 17:28:02.583675,2022-09-14 17:28:03.365529,0:00:00.781295,0.0,12.3
2022-09-14 17:28:02.611333,2022-09-14 17:28:02.615886,2022-09-14 17:28:03.375981,0:00:00.764593,28.6,12.3
2022-09-14 17:28:02.621801,2022-09-14 17:28:02.631313,2022-09-14 17:28:03.386452,0:00:00.764600,16.7,12.3
2022-09-14 17:28:03.536714,2022-09-14 17:28:03.536153,2022-09-14 17:28:03.834549,0:00:00.297756,1.9,12.3
2022-09-14 17:28:03.536543,2022-09-14 17:28:03.536570,2022-09-14 17:28:03.845758,0:00:00.309155,16.7,12.3
2022-09-14 17:28:03.531254,2022-09-14 17:28:03.536875,2022-09-14 17:28:03.857245,0:00:00.325933,16.7,12.3
2022-09-14 17:28:03.542713,2022-09-14 17:28:03.542215,2022-09-14 17:28:03.868495,0:00:00.325725,25.0,12.3
2022-09-14 17:28:03.537356,2022-09-14 17:28:03.543008,2022-09-14 17:28:04.316856,0:00:00.779424,0.4,12.3
2022-09-14 17:28:03.536986,2022-09-14 17:28:03.548366,2022-09-14 17:28:04.327551,0:00:00.790502,28.6,12.3
2022-09-14 17:28:03.564920,2022-09-14 17:28:03.569458,2022-09-14 17:28:04.338114,0:00:00.773141,16.7,12.3
2022-09-14 17:28:03.585645,2022-09-14 17:28:03.585246,2022-09-14 17:28:04.348705,0:00:00.763008,16.7,12.3
2022-09-14 17:28:03.628086,2022-09-14 17:28:03.637815,2022-09-14 17:28:04.359153,0:00:00.731015,16.7,12.3
2022-09-14 17:28:03.654282,2022-09-14 17:28:03.658819,2022-09-14 17:28:04.369583,0:00:00.715248,16.7,12.3
2022-09-14 17:28:04.543799,2022-09-14 17:28:04.543540,2022-09-14 17:28:04.847909,0:00:00.304036,2.4,12.3
2022-09-14 17:28:04.543376,2022-09-14 17:28:04.543629,2022-09-14 17:28:04.853318,0:00:00.309882,0.0,12.3
2022-09-14 17:28:04.544195,2022-09-14 17:28:04.548966,2022-09-14 17:28:04.869493,0:00:00.325243,20.0,12.3
2022-09-14 17:28:04.543596,2022-09-14 17:28:04.548966,2022-09-14 17:28:04.874889,0:00:00.331229,25.0,12.3
2022-09-14 17:28:04.543151,2022-09-14 17:28:04.555386,2022-09-14 17:28:04.890664,0:00:00.347462,12.5,12.3
2022-09-14 17:28:04.555927,2022-09-14 17:28:04.555437,2022-09-14 17:28:04.895900,0:00:00.339921,25.0,12.3
2022-09-14 17:28:04.572343,2022-09-14 17:28:04.587459,2022-09-14 17:28:05.338787,0:00:00.766355,1.1,12.3
2022-09-14 17:28:04.587884,2022-09-14 17:28:04.613106,2022-09-14 17:28:05.349437,0:00:00.761493,0.0,12.3
2022-09-14 17:28:04.634368,2022-09-14 17:28:04.639035,2022-09-14 17:28:05.359835,0:00:00.725414,28.6,12.3
2022-09-14 17:28:04.660570,2022-09-14 17:28:04.665105,2022-09-14 17:28:05.370461,0:00:00.709839,16.7,12.3
2022-09-14 17:28:05.561073,2022-09-14 17:28:05.560569,2022-09-14 17:28:05.872931,0:00:00.311791,2.3,12.3
2022-09-14 17:28:05.550092,2022-09-14 17:28:05.560637,2022-09-14 17:28:05.879081,0:00:00.328927,25.0,12.3
2022-09-14 17:28:05.560564,2022-09-14 17:28:05.560689,2022-09-14 17:28:05.884899,0:00:00.324272,0.0,12.3
2022-09-14 17:28:05.560798,2022-09-14 17:28:05.560723,2022-09-14 17:28:05.890526,0:00:00.329676,25.0,12.3
2022-09-14 17:28:05.549917,2022-09-14 17:28:05.565940,2022-09-14 17:28:05.907543,0:00:00.357574,20.0,12.3
2022-09-14 17:28:05.567782,2022-09-14 17:28:05.577652,2022-09-14 17:28:05.918457,0:00:00.350621,16.7,12.3
2022-09-14 17:28:05.578188,2022-09-14 17:28:05.582883,2022-09-14 17:28:05.929290,0:00:00.351050,16.7,12.3
2022-09-14 17:28:05.599117,2022-09-14 17:28:05.603701,2022-09-14 17:28:06.394918,0:00:00.795718,0.7,12.3
2022-09-14 17:28:05.651034,2022-09-14 17:28:05.655693,2022-09-14 17:28:06.406555,0:00:00.755450,16.7,12.3
2022-09-14 17:28:05.677239,2022-09-14 17:28:05.676821,2022-09-14 17:28:06.417790,0:00:00.740480,14.3,12.3
2022-09-14 17:28:06.566832,2022-09-14 17:28:06.577117,2022-09-14 17:28:06.920546,0:00:00.353647,2.0,12.3
2022-09-14 17:28:06.567028,2022-09-14 17:28:06.577258,2022-09-14 17:28:06.926369,0:00:00.359280,0.0,12.3
2022-09-14 17:28:06.578023,2022-09-14 17:28:06.577507,2022-09-14 17:28:06.935472,0:00:00.357396,33.3,12.3
2022-09-14 17:28:06.567209,2022-09-14 17:28:06.577697,2022-09-14 17:28:06.948546,0:00:00.381285,14.3,12.3
2022-09-14 17:28:06.584514,2022-09-14 17:28:06.584024,2022-09-14 17:28:06.961317,0:00:00.376751,14.3,12.3
2022-09-14 17:28:06.590427,2022-09-14 17:28:06.595242,2022-09-14 17:28:06.975375,0:00:00.384896,22.2,12.3
2022-09-14 17:28:06.577721,2022-09-14 17:28:06.595242,2022-09-14 17:28:06.981028,0:00:00.403255,25.0,12.3
2022-09-14 17:28:06.611509,2022-09-14 17:28:06.611125,2022-09-14 17:28:06.993857,0:00:00.382288,14.3,12.3
2022-09-14 17:28:06.677959,2022-09-14 17:28:06.682726,2022-09-14 17:28:07.419028,0:00:00.740999,0.8,12.3
2022-09-14 17:28:06.689252,2022-09-14 17:28:06.688992,2022-09-14 17:28:07.430914,0:00:00.741601,28.6,12.3
2022-09-14 17:28:07.594985,2022-09-14 17:28:07.594586,2022-09-14 17:28:07.939192,0:00:00.344139,2.0,12.3
2022-09-14 17:28:07.584153,2022-09-14 17:28:07.594773,2022-09-14 17:28:07.949604,0:00:00.365390,16.7,12.3
2022-09-14 17:28:07.595672,2022-09-14 17:28:07.595745,2022-09-14 17:28:07.962548,0:00:00.366821,22.2,12.3
2022-09-14 17:28:07.595259,2022-09-14 17:28:07.595960,2022-09-14 17:28:07.972371,0:00:00.377058,20.0,12.3
2022-09-14 17:28:07.596144,2022-09-14 17:28:07.596135,2022-09-14 17:28:07.984644,0:00:00.388447,25.0,12.3
2022-09-14 17:28:07.584389,2022-09-14 17:28:07.596195,2022-09-14 17:28:07.995784,0:00:00.411343,16.7,12.3
2022-09-14 17:28:07.595938,2022-09-14 17:28:07.602062,2022-09-14 17:28:08.008912,0:00:00.412922,14.3,12.3
2022-09-14 17:28:07.633656,2022-09-14 17:28:07.633224,2022-09-14 17:28:08.020030,0:00:00.386323,25.0,12.3
2022-09-14 17:28:07.700808,2022-09-14 17:28:07.700472,2022-09-14 17:28:08.445165,0:00:00.744289,0.4,12.3
2022-09-14 17:28:07.695522,2022-09-14 17:28:07.705684,2022-09-14 17:28:08.456196,0:00:00.760615,28.6,12.3
2022-09-14 17:28:08.601293,2022-09-14 17:28:08.601379,2022-09-14 17:28:08.961920,0:00:00.360560,1.7,12.3
2022-09-14 17:28:08.601970,2022-09-14 17:28:08.606697,2022-09-14 17:28:08.974988,0:00:00.372956,25.0,12.3
2022-09-14 17:28:08.595838,2022-09-14 17:28:08.606961,2022-09-14 17:28:08.984330,0:00:00.388435,0.0,12.3
2022-09-14 17:28:08.601753,2022-09-14 17:28:08.607126,2022-09-14 17:28:08.996498,0:00:00.394690,28.6,12.3
2022-09-14 17:28:08.601118,2022-09-14 17:28:08.607183,2022-09-14 17:28:09.007578,0:00:00.406405,14.3,12.3
2022-09-14 17:28:08.607446,2022-09-14 17:28:08.612585,2022-09-14 17:28:09.024194,0:00:00.416695,11.1,12.3
2022-09-14 17:28:08.601445,2022-09-14 17:28:08.612585,2022-09-14 17:28:09.030206,0:00:00.428708,33.3,12.3
2022-09-14 17:28:08.639286,2022-09-14 17:28:08.654373,2022-09-14 17:28:09.043432,0:00:00.404093,22.2,12.3
2022-09-14 17:28:08.701810,2022-09-14 17:28:08.706505,2022-09-14 17:28:09.466599,0:00:00.764719,0.4,12.3
2022-09-14 17:28:08.722621,2022-09-14 17:28:08.727292,2022-09-14 17:28:09.478292,0:00:00.755611,28.6,12.3
2022-09-14 17:28:09.613058,2022-09-14 17:28:09.612561,2022-09-14 17:28:09.984780,0:00:00.371655,1.6,12.3
2022-09-14 17:28:09.613286,2022-09-14 17:28:09.612818,2022-09-14 17:28:09.994329,0:00:00.380983,20.0,12.3
2022-09-14 17:28:09.613803,2022-09-14 17:28:09.613315,2022-09-14 17:28:10.007820,0:00:00.393960,14.3,12.3
2022-09-14 17:28:09.613655,2022-09-14 17:28:09.613479,2022-09-14 17:28:10.017209,0:00:00.403500,16.7,12.3
2022-09-14 17:28:09.619888,2022-09-14 17:28:09.619643,2022-09-14 17:28:10.033763,0:00:00.413822,20.0,12.3
2022-09-14 17:28:09.607717,2022-09-14 17:28:09.619643,2022-09-14 17:28:10.039747,0:00:00.431979,40.0,12.3
2022-09-14 17:28:09.620136,2022-09-14 17:28:09.619897,2022-09-14 17:28:10.048897,0:00:00.428702,0.0,12.3
2022-09-14 17:28:09.645558,2022-09-14 17:28:09.655275,2022-09-14 17:28:10.064016,0:00:00.418406,22.2,12.3
2022-09-14 17:28:09.708100,2022-09-14 17:28:09.717829,2022-09-14 17:28:10.075141,0:00:00.366989,14.3,12.3
2022-09-14 17:28:09.734026,2022-09-14 17:28:09.738681,2022-09-14 17:28:10.492492,0:00:00.758397,0.8,12.3
2022-09-14 17:28:10.619583,2022-09-14 17:28:10.619124,2022-09-14 17:28:11.009864,0:00:00.390209,2.3,12.3
2022-09-14 17:28:10.619369,2022-09-14 17:28:10.619181,2022-09-14 17:28:11.016189,0:00:00.396762,0.0,12.3
2022-09-14 17:28:10.625651,2022-09-14 17:28:10.625334,2022-09-14 17:28:11.029632,0:00:00.403927,25.0,12.3
2022-09-14 17:28:10.626178,2022-09-14 17:28:10.625623,2022-09-14 17:28:11.039042,0:00:00.412810,28.6,12.3
2022-09-14 17:28:10.625789,2022-09-14 17:28:10.626059,2022-09-14 17:28:11.052385,0:00:00.426543,14.3,12.3
2022-09-14 17:28:10.626620,2022-09-14 17:28:10.626206,2022-09-14 17:28:11.061509,0:00:00.434836,16.7,12.3
2022-09-14 17:28:10.627019,2022-09-14 17:28:10.626636,2022-09-14 17:28:11.074637,0:00:00.447566,25.0,12.3
2022-09-14 17:28:10.653138,2022-09-14 17:28:10.663008,2022-09-14 17:28:11.085856,0:00:00.432659,16.7,12.3
2022-09-14 17:28:10.719471,2022-09-14 17:28:10.729146,2022-09-14 17:28:11.096931,0:00:00.377409,25.0,12.3
2022-09-14 17:28:10.761104,2022-09-14 17:28:10.775882,2022-09-14 17:28:11.515199,0:00:00.754025,0.8,12.3
2022-09-14 17:28:11.626086,2022-09-14 17:28:11.630713,2022-09-14 17:28:12.030914,0:00:00.404751,2.3,12.3
2022-09-14 17:28:11.636506,2022-09-14 17:28:11.636230,2022-09-14 17:28:12.042520,0:00:00.405953,16.7,12.3
2022-09-14 17:28:11.642917,2022-09-14 17:28:11.642535,2022-09-14 17:28:12.054261,0:00:00.411287,14.3,12.3
2022-09-14 17:28:11.625897,2022-09-14 17:28:11.647615,2022-09-14 17:28:12.065560,0:00:00.439607,28.6,12.3
2022-09-14 17:28:11.642726,2022-09-14 17:28:11.653130,2022-09-14 17:28:12.076643,0:00:00.433864,25.0,12.3
2022-09-14 17:28:11.653654,2022-09-14 17:28:11.653451,2022-09-14 17:28:12.085601,0:00:00.431895,0.0,12.3
2022-09-14 17:28:11.654347,2022-09-14 17:28:11.658914,2022-09-14 17:28:12.098459,0:00:00.444060,25.0,12.3
2022-09-14 17:28:11.665102,2022-09-14 17:28:11.664764,2022-09-14 17:28:12.109320,0:00:00.444167,16.7,12.3
2022-09-14 17:28:11.730840,2022-09-14 17:28:11.740510,2022-09-14 17:28:12.120190,0:00:00.389298,16.7,12.3
2022-09-14 17:28:11.772513,2022-09-14 17:28:11.792379,2022-09-14 17:28:12.570809,0:00:00.798227,0.7,12.3
2022-09-14 17:28:12.642834,2022-09-14 17:28:12.642490,2022-09-14 17:28:13.088662,0:00:00.445760,1.9,12.3
2022-09-14 17:28:12.643197,2022-09-14 17:28:12.642697,2022-09-14 17:28:13.094657,0:00:00.451398,25.0,12.3
2022-09-14 17:28:12.642665,2022-09-14 17:28:12.647978,2022-09-14 17:28:13.107938,0:00:00.465217,14.3,12.3
2022-09-14 17:28:12.664474,2022-09-14 17:28:12.664040,2022-09-14 17:28:13.120866,0:00:00.456332,12.5,12.3
2022-09-14 17:28:12.664729,2022-09-14 17:28:12.669962,2022-09-14 17:28:13.135050,0:00:00.470268,25.0,12.3
2022-09-14 17:28:12.664961,2022-09-14 17:28:12.670105,2022-09-14 17:28:13.140722,0:00:00.475709,0.0,12.3
2022-09-14 17:28:12.670667,2022-09-14 17:28:12.675513,2022-09-14 17:28:13.153471,0:00:00.482752,25.0,12.3
2022-09-14 17:28:12.670384,2022-09-14 17:28:12.680860,2022-09-14 17:28:13.164343,0:00:00.493907,16.7,12.3
2022-09-14 17:28:12.747312,2022-09-14 17:28:12.757089,2022-09-14 17:28:13.175174,0:00:00.427810,14.3,12.3
2022-09-14 17:28:12.783878,2022-09-14 17:28:12.788462,2022-09-14 17:28:13.185934,0:00:00.402004,16.7,12.3
2022-09-14 17:28:13.649262,2022-09-14 17:28:13.659130,2022-09-14 17:28:14.139140,0:00:00.489810,1.1,12.3
2022-09-14 17:28:13.659843,2022-09-14 17:28:13.659388,2022-09-14 17:28:14.147801,0:00:00.487896,20.0,12.3
2022-09-14 17:28:13.671018,2022-09-14 17:28:13.676095,2022-09-14 17:28:14.163873,0:00:00.492793,11.1,12.3
2022-09-14 17:28:13.665740,2022-09-14 17:28:13.676164,2022-09-14 17:28:14.169397,0:00:00.503603,33.3,12.4
2022-09-14 17:28:13.677018,2022-09-14 17:28:13.676435,2022-09-14 17:28:14.184993,0:00:00.507923,20.0,12.4
2022-09-14 17:28:13.676445,2022-09-14 17:28:13.676454,2022-09-14 17:28:14.190562,0:00:00.514066,50.0,12.3
2022-09-14 17:28:13.677713,2022-09-14 17:28:13.682498,2022-09-14 17:28:14.203045,0:00:00.525281,14.3,12.3
2022-09-14 17:28:13.688354,2022-09-14 17:28:13.698434,2022-09-14 17:28:14.213470,0:00:00.525064,16.7,12.3
2022-09-14 17:28:13.758688,2022-09-14 17:28:13.763222,2022-09-14 17:28:14.223903,0:00:00.465163,28.6,12.3
2022-09-14 17:28:13.795337,2022-09-14 17:28:13.800052,2022-09-14 17:28:14.234280,0:00:00.438891,0.0,12.3
2022-09-14 17:28:14.666001,2022-09-14 17:28:14.676061,2022-09-14 17:28:15.167105,0:00:00.501034,1.6,12.3
2022-09-14 17:28:14.676585,2022-09-14 17:28:14.676061,2022-09-14 17:28:15.177835,0:00:00.501188,0.0,12.3
2022-09-14 17:28:14.671262,2022-09-14 17:28:14.676246,2022-09-14 17:28:15.183382,0:00:00.512066,50.0,12.3
2022-09-14 17:28:14.682537,2022-09-14 17:28:14.681974,2022-09-14 17:28:15.197791,0:00:00.515202,12.5,12.3
2022-09-14 17:28:14.676815,2022-09-14 17:28:14.682451,2022-09-14 17:28:15.209681,0:00:00.532814,14.3,12.3
2022-09-14 17:28:14.688839,2022-09-14 17:28:14.688301,2022-09-14 17:28:15.220245,0:00:00.531355,28.6,12.3
2022-09-14 17:28:14.682774,2022-09-14 17:28:14.688617,2022-09-14 17:28:15.231249,0:00:00.548423,14.3,12.3
2022-09-14 17:28:14.694822,2022-09-14 17:28:14.699639,2022-09-14 17:28:15.241611,0:00:00.546738,16.7,12.3
2022-09-14 17:28:14.775176,2022-09-14 17:28:14.784848,2022-09-14 17:28:15.251972,0:00:00.476744,33.3,12.3
2022-09-14 17:28:14.811931,2022-09-14 17:28:14.816632,2022-09-14 17:28:15.262459,0:00:00.450475,0.0,12.3
2022-09-14 17:28:15.683151,2022-09-14 17:28:15.687732,2022-09-14 17:28:16.187985,0:00:00.504764,0.9,12.3
2022-09-14 17:28:15.688528,2022-09-14 17:28:15.688004,2022-09-14 17:28:16.196731,0:00:00.508121,20.0,12.3
2022-09-14 17:28:15.688803,2022-09-14 17:28:15.694827,2022-09-14 17:28:16.211448,0:00:00.522585,20.0,12.3
2022-09-14 17:28:15.695561,2022-09-14 17:28:15.695033,2022-09-14 17:28:16.220205,0:00:00.524586,20.0,12.3
2022-09-14 17:28:15.701174,2022-09-14 17:28:15.700670,2022-09-14 17:28:16.234269,0:00:00.533041,12.5,12.3
2022-09-14 17:28:15.701598,2022-09-14 17:28:15.701061,2022-09-14 17:28:16.243298,0:00:00.541647,33.3,12.3
2022-09-14 17:28:15.695176,2022-09-14 17:28:15.701494,2022-09-14 17:28:16.256615,0:00:00.561387,14.3,12.3
2022-09-14 17:28:15.702276,2022-09-14 17:28:15.717418,2022-09-14 17:28:16.267317,0:00:00.564989,28.6,12.3
2022-09-14 17:28:15.781455,2022-09-14 17:28:15.785995,2022-09-14 17:28:16.277891,0:00:00.496377,0.0,12.3
2022-09-14 17:28:15.828660,2022-09-14 17:28:15.838452,2022-09-14 17:28:16.288685,0:00:00.459969,28.6,12.3
2022-09-14 17:28:16.694960,2022-09-14 17:28:16.704927,2022-09-14 17:28:17.211929,0:00:00.516898,1.1,12.3
2022-09-14 17:28:16.705841,2022-09-14 17:28:16.705645,2022-09-14 17:28:17.225012,0:00:00.519108,14.3,12.3
2022-09-14 17:28:16.706454,2022-09-14 17:28:16.706408,2022-09-14 17:28:17.236264,0:00:00.529747,14.3,12.3
2022-09-14 17:28:16.707020,2022-09-14 17:28:16.706706,2022-09-14 17:28:17.247406,0:00:00.540334,28.6,12.3
2022-09-14 17:28:16.706709,2022-09-14 17:28:16.706807,2022-09-14 17:28:17.257407,0:00:00.550645,0.0,12.3
2022-09-14 17:28:16.706104,2022-09-14 17:28:16.712125,2022-09-14 17:28:17.269834,0:00:00.563679,25.0,12.3
2022-09-14 17:28:16.705598,2022-09-14 17:28:16.717492,2022-09-14 17:28:17.280881,0:00:00.575226,28.6,12.3
2022-09-14 17:28:16.723792,2022-09-14 17:28:16.723709,2022-09-14 17:28:17.291335,0:00:00.567491,16.7,12.3
2022-09-14 17:28:16.803063,2022-09-14 17:28:16.807614,2022-09-14 17:28:17.301658,0:00:00.498543,16.7,12.3
2022-09-14 17:28:16.840073,2022-09-14 17:28:16.844713,2022-09-14 17:28:17.312025,0:00:00.471902,37.5,12.3
2022-09-14 17:28:17.712156,2022-09-14 17:28:17.711754,2022-09-14 17:28:18.242365,0:00:00.530140,0.9,12.3
2022-09-14 17:28:17.711817,2022-09-14 17:28:17.711907,2022-09-14 17:28:18.249766,0:00:00.537886,25.0,12.3
2022-09-14 17:28:17.712016,2022-09-14 17:28:17.712063,2022-09-14 17:28:18.255215,0:00:00.543145,50.0,12.3
2022-09-14 17:28:17.712816,2022-09-14 17:28:17.717427,2022-09-14 17:28:18.269473,0:00:00.556604,12.5,12.3
2022-09-14 17:28:17.724082,2022-09-14 17:28:17.729873,2022-09-14 17:28:18.284550,0:00:00.560416,22.2,12.3
2022-09-14 17:28:17.729841,2022-09-14 17:28:17.729982,2022-09-14 17:28:18.289870,0:00:00.559969,0.0,12.3
2022-09-14 17:28:17.711648,2022-09-14 17:28:17.730052,2022-09-14 17:28:18.298208,0:00:00.586508,20.0,12.3
2022-09-14 17:28:17.730343,2022-09-14 17:28:17.735251,2022-09-14 17:28:18.313125,0:00:00.582731,20.0,12.3
2022-09-14 17:28:17.819583,2022-09-14 17:28:17.824172,2022-09-14 17:28:18.323433,0:00:00.503797,33.3,12.3
2022-09-14 17:28:17.856662,2022-09-14 17:28:17.866432,2022-09-14 17:28:18.334003,0:00:00.477288,0.0,12.3
2022-09-14 17:28:18.718316,2022-09-14 17:28:18.723311,2022-09-14 17:28:19.263530,0:00:00.545142,1.1,12.3
2022-09-14 17:28:18.718493,2022-09-14 17:28:18.723312,2022-09-14 17:28:19.269473,0:00:00.550898,0.0,12.3
2022-09-14 17:28:18.723772,2022-09-14 17:28:18.728638,2022-09-14 17:28:19.284378,0:00:00.560535,22.2,12.3
2022-09-14 17:28:18.736176,2022-09-14 17:28:18.735903,2022-09-14 17:28:19.300409,0:00:00.564164,20.0,12.3
2022-09-14 17:28:18.736347,2022-09-14 17:28:18.736067,2022-09-14 17:28:19.306567,0:00:00.570151,25.0,12.3
2022-09-14 17:28:18.736851,2022-09-14 17:28:18.747247,2022-09-14 17:28:19.322906,0:00:00.585976,20.0,12.3
2022-09-14 17:28:18.742228,2022-09-14 17:28:18.747247,2022-09-14 17:28:19.329563,0:00:00.587269,0.0,12.3
2022-09-14 17:28:18.748027,2022-09-14 17:28:18.753239,2022-09-14 17:28:19.342429,0:00:00.594336,25.0,12.3
2022-09-14 17:28:18.825836,2022-09-14 17:28:18.835466,2022-09-14 17:28:19.353264,0:00:00.527362,16.7,12.3
2022-09-14 17:28:18.868083,2022-09-14 17:28:18.872733,2022-09-14 17:28:19.364151,0:00:00.496002,28.6,12.3
2022-09-14 17:28:19.730075,2022-09-14 17:28:19.734701,2022-09-14 17:28:20.285538,0:00:00.555393,0.9,12.3
2022-09-14 17:28:19.741157,2022-09-14 17:28:19.740716,2022-09-14 17:28:20.296320,0:00:00.555095,28.6,12.3
2022-09-14 17:28:19.741427,2022-09-14 17:28:19.741008,2022-09-14 17:28:20.308681,0:00:00.567186,25.0,12.3
2022-09-14 17:28:19.741876,2022-09-14 17:28:19.741374,2022-09-14 17:28:20.319520,0:00:00.577579,16.7,12.3
2022-09-14 17:28:19.742798,2022-09-14 17:28:19.747396,2022-09-14 17:28:20.331814,0:00:00.588949,14.3,12.3
2022-09-14 17:28:19.753356,2022-09-14 17:28:19.752873,2022-09-14 17:28:20.342389,0:00:00.588969,16.7,12.3
2022-09-14 17:28:19.742351,2022-09-14 17:28:19.758072,2022-09-14 17:28:20.353104,0:00:00.610687,16.7,12.3
2022-09-14 17:28:19.775632,2022-09-14 17:28:19.780308,2022-09-14 17:28:20.365521,0:00:00.589817,25.0,12.3
2022-09-14 17:28:19.842298,2022-09-14 17:28:19.852012,2022-09-14 17:28:20.376385,0:00:00.534021,16.7,12.3
2022-09-14 17:28:19.895138,2022-09-14 17:28:19.904954,2022-09-14 17:28:20.387422,0:00:00.492220,25.0,12.3
2022-09-14 17:28:20.736382,2022-09-14 17:28:20.741030,2022-09-14 17:28:21.339936,0:00:00.603485,1.1,12.4
2022-09-14 17:28:20.752333,2022-09-14 17:28:20.751956,2022-09-14 17:28:21.352474,0:00:00.600074,14.3,12.4
2022-09-14 17:28:20.757833,2022-09-14 17:28:20.762944,2022-09-14 17:28:21.363225,0:00:00.605338,16.7,12.4
2022-09-14 17:28:20.752153,2022-09-14 17:28:20.768278,2022-09-14 17:28:21.378392,0:00:00.626186,11.1,12.4
2022-09-14 17:28:20.758097,2022-09-14 17:28:20.768328,2022-09-14 17:28:21.383874,0:00:00.625714,33.3,12.4
2022-09-14 17:28:20.746810,2022-09-14 17:28:20.774095,2022-09-14 17:28:21.396324,0:00:00.649463,14.3,12.4
2022-09-14 17:28:20.780230,2022-09-14 17:28:20.779744,2022-09-14 17:28:21.407614,0:00:00.627334,14.3,12.4
2022-09-14 17:28:20.785741,2022-09-14 17:28:20.790498,2022-09-14 17:28:21.418071,0:00:00.632281,16.7,12.4
2022-09-14 17:28:20.853687,2022-09-14 17:28:20.858222,2022-09-14 17:28:21.428355,0:00:00.574617,33.3,12.4
2022-09-14 17:28:20.911797,2022-09-14 17:28:20.916411,2022-09-14 17:28:21.438905,0:00:00.527053,14.3,12.4
2022-09-14 17:28:21.753240,2022-09-14 17:28:21.752879,2022-09-14 17:28:22.365605,0:00:00.612299,0.7,12.4
2022-09-14 17:28:21.753077,2022-09-14 17:28:21.758379,2022-09-14 17:28:22.376234,0:00:00.623101,28.6,12.4
2022-09-14 17:28:21.747782,2022-09-14 17:28:21.763736,2022-09-14 17:28:22.386783,0:00:00.638951,16.7,12.4
2022-09-14 17:28:21.758815,2022-09-14 17:28:21.774825,2022-09-14 17:28:22.399504,0:00:00.640635,25.0,12.4
2022-09-14 17:28:21.785905,2022-09-14 17:28:21.785428,2022-09-14 17:28:22.410740,0:00:00.624756,14.3,12.4
2022-09-14 17:28:21.764205,2022-09-14 17:28:21.791403,2022-09-14 17:28:22.426556,0:00:00.662298,12.5,12.4
2022-09-14 17:28:21.791889,2022-09-14 17:28:21.791403,2022-09-14 17:28:22.432294,0:00:00.640352,25.0,12.4
2022-09-14 17:28:21.797406,2022-09-14 17:28:21.796999,2022-09-14 17:28:22.445830,0:00:00.648374,12.5,12.4
2022-09-14 17:28:21.859938,2022-09-14 17:28:21.869709,2022-09-14 17:28:22.457299,0:00:00.597311,28.6,12.4
2022-09-14 17:28:21.928327,2022-09-14 17:28:21.932955,2022-09-14 17:28:22.468342,0:00:00.539966,16.7,12.4
2022-09-14 17:28:22.759511,2022-09-14 17:28:22.764158,2022-09-14 17:28:23.389659,0:00:00.630081,1.1,12.4
2022-09-14 17:28:22.770192,2022-09-14 17:28:22.775066,2022-09-14 17:28:23.401036,0:00:00.630784,25.0,12.4
2022-09-14 17:28:22.780885,2022-09-14 17:28:22.780450,2022-09-14 17:28:23.412186,0:00:00.631247,16.7,12.4
2022-09-14 17:28:22.770351,2022-09-14 17:28:22.781059,2022-09-14 17:28:23.427382,0:00:00.656981,22.2,12.4
2022-09-14 17:28:22.781543,2022-09-14 17:28:22.781059,2022-09-14 17:28:23.433050,0:00:00.651456,0.0,12.4
2022-09-14 17:28:22.802665,2022-09-14 17:28:22.802395,2022-09-14 17:28:23.447508,0:00:00.644793,22.2,12.4
2022-09-14 17:28:22.803061,2022-09-14 17:28:22.802561,2022-09-14 17:28:23.456232,0:00:00.653119,20.0,12.4
2022-09-14 17:28:22.802882,2022-09-14 17:28:22.802678,2022-09-14 17:28:23.465158,0:00:00.662227,16.7,12.4
2022-09-14 17:28:22.866222,2022-09-14 17:28:22.875895,2022-09-14 17:28:23.480800,0:00:00.614528,22.2,12.4
2022-09-14 17:28:22.939665,2022-09-14 17:28:22.944220,2022-09-14 17:28:23.491724,0:00:00.552010,14.3,12.4
2022-09-14 17:28:23.781274,2022-09-14 17:28:23.786018,2022-09-14 17:28:24.415282,0:00:00.633944,1.1,12.4
2022-09-14 17:28:23.786596,2022-09-14 17:28:23.786127,2022-09-14 17:28:24.421190,0:00:00.634538,25.0,12.4
2022-09-14 17:28:23.786893,2022-09-14 17:28:23.786386,2022-09-14 17:28:24.431883,0:00:00.644930,16.7,12.4
2022-09-14 17:28:23.787156,2022-09-14 17:28:23.797713,2022-09-14 17:28:24.446777,0:00:00.659568,22.2,12.4
2022-09-14 17:28:23.808666,2022-09-14 17:28:23.808414,2022-09-14 17:28:24.458077,0:00:00.649361,12.5,12.4
2022-09-14 17:28:23.808850,2022-09-14 17:28:23.818976,2022-09-14 17:28:24.471845,0:00:00.662934,25.0,12.4
2022-09-14 17:28:23.775977,2022-09-14 17:28:23.818976,2022-09-14 17:28:24.477375,0:00:00.701349,0.0,12.4
2022-09-14 17:28:23.819714,2022-09-14 17:28:23.819207,2022-09-14 17:28:24.485814,0:00:00.666051,33.3,12.4
2022-09-14 17:28:23.882713,2022-09-14 17:28:23.892431,2022-09-14 17:28:24.500132,0:00:00.617369,22.2,12.4
2022-09-14 17:28:23.956165,2022-09-14 17:28:23.960782,2022-09-14 17:28:24.510693,0:00:00.554478,16.7,12.4
2022-09-14 17:28:24.782185,2022-09-14 17:28:24.786817,2022-09-14 17:28:25.435462,0:00:00.653211,1.1,12.4
2022-09-14 17:28:24.792581,2022-09-14 17:28:24.792557,2022-09-14 17:28:25.453243,0:00:00.660603,18.2,12.4
2022-09-14 17:28:24.793021,2022-09-14 17:28:24.792629,2022-09-14 17:28:25.458681,0:00:00.665609,33.3,12.4
2022-09-14 17:28:24.792744,2022-09-14 17:28:24.792630,2022-09-14 17:28:25.464262,0:00:00.671469,0.0,12.4
2022-09-14 17:28:24.798506,2022-09-14 17:28:24.798432,2022-09-14 17:28:25.478656,0:00:00.680101,12.5,12.4
2022-09-14 17:28:24.815198,2022-09-14 17:28:24.819945,2022-09-14 17:28:25.489452,0:00:00.674204,28.6,12.4
2022-09-14 17:28:24.815002,2022-09-14 17:28:24.825352,2022-09-14 17:28:25.500285,0:00:00.685234,16.7,12.4
2022-09-14 17:28:24.831749,2022-09-14 17:28:24.841527,2022-09-14 17:28:25.512002,0:00:00.680203,14.3,12.4
2022-09-14 17:28:24.894068,2022-09-14 17:28:24.903766,2022-09-14 17:28:25.522462,0:00:00.628344,16.7,12.4
2022-09-14 17:28:24.967509,2022-09-14 17:28:24.972088,2022-09-14 17:28:25.532997,0:00:00.565438,16.7,12.4
2022-09-14 17:28:25.787976,2022-09-14 17:28:25.792666,2022-09-14 17:28:26.460286,0:00:00.672243,1.1,12.4
2022-09-14 17:28:25.798618,2022-09-14 17:28:25.798391,2022-09-14 17:28:26.473683,0:00:00.675003,22.2,12.4
2022-09-14 17:28:25.798437,2022-09-14 17:28:25.803665,2022-09-14 17:28:26.484718,0:00:00.686222,28.6,12.4
2022-09-14 17:28:25.809511,2022-09-14 17:28:25.819498,2022-09-14 17:28:26.503300,0:00:00.693732,18.2,12.4
2022-09-14 17:28:25.804111,2022-09-14 17:28:25.819498,2022-09-14 17:28:26.508790,0:00:00.704622,33.3,12.4
2022-09-14 17:28:25.820095,2022-09-14 17:28:25.819590,2022-09-14 17:28:26.514243,0:00:00.694096,0.0,12.4
2022-09-14 17:28:25.836205,2022-09-14 17:28:25.835660,2022-09-14 17:28:26.530015,0:00:00.693757,27.3,12.4
2022-09-14 17:28:25.835999,2022-09-14 17:28:25.835796,2022-09-14 17:28:26.538541,0:00:00.702491,0.0,12.4
2022-09-14 17:28:25.905439,2022-09-14 17:28:25.915200,2022-09-14 17:28:26.551015,0:00:00.645525,25.0,12.4
2022-09-14 17:28:25.978887,2022-09-14 17:28:25.983574,2022-09-14 17:28:26.568533,0:00:00.589596,20.0,12.4
2022-09-14 17:28:26.794179,2022-09-14 17:28:26.798764,2022-09-14 17:28:27.483876,0:00:00.689624,0.7,12.4
2022-09-14 17:28:26.804575,2022-09-14 17:28:26.804225,2022-09-14 17:28:27.496503,0:00:00.691871,25.0,12.4
2022-09-14 17:28:26.810450,2022-09-14 17:28:26.810019,2022-09-14 17:28:27.507222,0:00:00.696720,16.7,12.4
2022-09-14 17:28:26.810784,2022-09-14 17:28:26.815551,2022-09-14 17:28:27.522424,0:00:00.711590,20.0,12.4
2022-09-14 17:28:26.810007,2022-09-14 17:28:26.815551,2022-09-14 17:28:27.527804,0:00:00.717749,33.3,12.4
2022-09-14 17:28:26.821507,2022-09-14 17:28:26.821012,2022-09-14 17:28:27.540271,0:00:00.718716,14.3,12.4
2022-09-14 17:28:26.842530,2022-09-14 17:28:26.847099,2022-09-14 17:28:27.551519,0:00:00.708940,14.3,12.4
2022-09-14 17:28:26.842359,2022-09-14 17:28:26.857275,2022-09-14 17:28:27.562057,0:00:00.719649,16.7,12.4
2022-09-14 17:28:26.916840,2022-09-14 17:28:26.926509,2022-09-14 17:28:27.572494,0:00:00.655605,28.6,12.4
2022-09-14 17:28:26.990292,2022-09-14 17:28:26.999985,2022-09-14 17:28:27.582960,0:00:00.592619,16.7,12.4
2022-09-14 17:28:27.799976,2022-09-14 17:28:27.804622,2022-09-14 17:28:28.508050,0:00:00.708011,1.1,12.4
2022-09-14 17:28:27.810402,2022-09-14 17:28:27.815687,2022-09-14 17:28:28.523937,0:00:00.713476,12.5,12.4
2022-09-14 17:28:27.816450,2022-09-14 17:28:27.815917,2022-09-14 17:28:28.529301,0:00:00.712799,25.0,12.4
2022-09-14 17:28:27.832106,2022-09-14 17:28:27.831718,2022-09-14 17:28:28.541781,0:00:00.709627,14.3,12.4
2022-09-14 17:28:27.816181,2022-09-14 17:28:27.847182,2022-09-14 17:28:28.553625,0:00:00.737395,14.3,12.4
2022-09-14 17:28:27.815941,2022-09-14 17:28:27.852447,2022-09-14 17:28:28.564101,0:00:00.748111,37.5,12.4
2022-09-14 17:28:27.858336,2022-09-14 17:28:27.863223,2022-09-14 17:28:28.578263,0:00:00.719878,14.3,12.4
2022-09-14 17:28:27.863622,2022-09-14 17:28:27.863276,2022-09-14 17:28:28.583674,0:00:00.720003,25.0,12.4
2022-09-14 17:28:27.928229,2022-09-14 17:28:27.937993,2022-09-14 17:28:28.596129,0:00:00.667851,14.3,12.4
2022-09-14 17:28:28.001691,2022-09-14 17:28:28.006483,2022-09-14 17:28:28.606567,0:00:00.604828,16.7,12.4
2022-09-14 17:28:28.806188,2022-09-14 17:28:28.816053,2022-09-14 17:28:29.533506,0:00:00.727253,0.9,12.4
2022-09-14 17:28:28.816634,2022-09-14 17:28:28.826811,2022-09-14 17:28:29.544798,0:00:00.728104,25.0,12.4
2022-09-14 17:28:28.822039,2022-09-14 17:28:28.832312,2022-09-14 17:28:29.557219,0:00:00.735127,14.3,12.4
2022-09-14 17:28:28.832559,2022-09-14 17:28:28.832497,2022-09-14 17:28:29.565977,0:00:00.733366,33.3,12.4
2022-09-14 17:28:28.869273,2022-09-14 17:28:28.868863,2022-09-14 17:28:29.580119,0:00:00.710795,30.0,12.4
2022-09-14 17:28:28.869098,2022-09-14 17:28:28.874508,2022-09-14 17:28:29.591059,0:00:00.721909,16.7,12.4
2022-09-14 17:28:28.874844,2022-09-14 17:28:28.879661,2022-09-14 17:28:29.601907,0:00:00.727012,16.7,12.4
2022-09-14 17:28:28.832748,2022-09-14 17:28:28.890029,2022-09-14 17:28:29.614231,0:00:00.781432,14.3,12.4
2022-09-14 17:28:28.939589,2022-09-14 17:28:28.949235,2022-09-14 17:28:29.625297,0:00:00.685659,28.6,12.4
2022-09-14 17:28:29.018355,2022-09-14 17:28:29.023059,2022-09-14 17:28:29.644116,0:00:00.625710,18.2,12.4
